{"cameraMode":{"drawMode":0,"name":"Shaded","section":"Shading Mode"},"sceneLighting":false,"audioPlay":false,"sceneViewState":{"showFog":true,"showMaterialUpdate":false,"showSkybox":false,"showFlares":true,"showImageEffects":true,"showParticleSystems":true},"in2DMode":false,"pivot":{"x":-13.710000038146973,"y":1.653066873550415,"z":-17.473844528198243},"rotation":{"x":0.018398024141788484,"y":-0.9286976456642151,"z":0.36750471591949465,"w":0.04658205807209015},"size":6.8917646408081059,"orthographic":false}