{"cameraMode":{"drawMode":0,"name":"Shaded","section":"Shading Mode"},"sceneLighting":true,"audioPlay":false,"sceneViewState":{"showFog":true,"showMaterialUpdate":false,"showSkybox":true,"showFlares":true,"showImageEffects":true,"showParticleSystems":true},"in2DMode":false,"pivot":{"x":2.199209213256836,"y":15.605292320251465,"z":-6.508446216583252},"rotation":{"x":-0.28973424434661868,"y":0.5204312205314636,"z":-0.19340462982654572,"w":-0.7796348333358765},"size":16.22852897644043,"orthographic":false}